{
  "project_info": {
    "project_number": "595849434844",
    "project_id": "listycity5-a1f57",
    "storage_bucket": "listycity5-a1f57.appspot.com"
  },
  "client": [
    {
      "client_info": {
        "mobilesdk_app_id": "1:595849434844:android:f6440c3e4d35e5807f8619",
        "android_client_info": {
          "package_name": "com.example.listycity5"
        }
      },
      "oauth_client": [],
      "api_key": [
        {
          "current_key": "AIzaSyBKQWIGpAEjSz4Fc5LXf6KEs1bKKBPmDt8"
        }
      ],
      "services": {
        "appinvite_service": {
          "other_platform_oauth_client": []
        }
      }
    }
  ],
  "configuration_version": "1"
}